title,url,created_ts,bytes,views_total,effective_start,days_effective,external_links,ga_date,ga_topic_keyword,category
Dulles_International_Airport_Main_Terminal,https://en.wikipedia.org/wiki/Dulles_International_Airport_Main_Terminal,20251011183043,143946,30736,2025-10-11,52,325,2025-11-25,Art and architecture,Art and architecture
Sima_de_los_Huesos_hominins,https://en.wikipedia.org/wiki/Sima_de_los_Huesos_hominins,20250501152851,93565,13388,2025-05-01,215,184,2025-06-14,Natural sciences,Natural sciences
Champions_of_the_Future,https://en.wikipedia.org/wiki/Champions_of_the_Future,20250705194138,89142,3764,2025-07-05,150,172,2025-08-08,Sports and recreation,Sports and recreation
The_Rector_of_Justin,https://en.wikipedia.org/wiki/The_Rector_of_Justin,20250423002335,90982,4702,2025-04-23,223,133,2025-09-17,Language and literature,Language and literature
Fall_River/New_Bedford_Line,https://en.wikipedia.org/wiki/Fall_River/New_Bedford_Line,20250303074828,78519,18239,2025-03-03,274,150,2025-10-16,Engineering and technology,Engineering and technology
2025_Somerset–London_tornado,https://en.wikipedia.org/wiki/2025_Somerset–London_tornado,20250531145410,84719,68928,2025-05-31,185,112,2025-07-12,Natural sciences,Natural sciences
The_Hand_That_Signed_the_Paper,https://en.wikipedia.org/wiki/The_Hand_That_Signed_the_Paper,20250406063417,76276,13273,2025-04-06,240,136,2025-07-14,Language and literature,Language and literature
Robert_Jacomb-Hood,https://en.wikipedia.org/wiki/Robert_Jacomb-Hood,20250527174707,79062,6869,2025-05-27,189,118,2025-06-22,Engineering,Engineering and technology
2025_Pennsylvania_Supreme_Court_election,https://en.wikipedia.org/wiki/2025_Pennsylvania_Supreme_Court_election,20251006040750,83797,17211,2025-10-06,57,87,2025-11-27,Politics and government,Social sciences and society
USCGC_Dione,https://en.wikipedia.org/wiki/USCGC_Dione,20250521213851,79020,8417,2025-05-21,195,96,2025-09-23,war,Warfare
Voiceverse_NFT_plagiarism_scandal,https://en.wikipedia.org/wiki/Voiceverse_NFT_plagiarism_scandal,20251004204044,69551,3573,2025-10-04,59,125,2025-10-20,Engineering and technology,Engineering and technology
Closures_of_the_University_of_Wisconsin_branch_campuses,https://en.wikipedia.org/wiki/Closures_of_the_University_of_Wisconsin_branch_campuses,20250304180002,58494,24322,2025-03-04,273,170,2025-04-14,Social sciences and society,Social sciences and society
A_New_Old_Play,https://en.wikipedia.org/wiki/A_New_Old_Play,20250410162810,68429,10202,2025-04-10,236,74,2025-10-27,Media and drama,Media and drama
Everyone_Hates_Elon,https://en.wikipedia.org/wiki/Everyone_Hates_Elon,20250425163143,56912,25216,2025-04-25,221,134,2025-05-24,Social sciences and society,Social sciences and society
Good_Boy_(2025_Leonberg_film),https://en.wikipedia.org/wiki/Good_Boy_(2025_Leonberg_film),20250522053718,57596,1611204,2025-05-22,194,126,2025-11-20,Film,Media and drama
"Everest,_North_Dakota","https://en.wikipedia.org/wiki/Everest,_North_Dakota",20250919195929,57880,924,2025-09-19,74,99,2025-10-30,Geography and places,Geography and places
Here_for_It_All,https://en.wikipedia.org/wiki/Here_for_It_All,20250721001234,53596,294041,2025-07-21,134,114,2025-11-30,Music,Music
Sarabande_(collection),https://en.wikipedia.org/wiki/Sarabande_(collection),20250522073257,56606,8320,2025-05-22,194,89,2025-08-20,Social sciences and society,Social sciences and society
Belmont_Glass_Works,https://en.wikipedia.org/wiki/Belmont_Glass_Works,20250624183925,56716,1064,2025-06-24,161,85,2025-09-20,Economics and business,Social sciences and society
Parasitic_ant,https://en.wikipedia.org/wiki/Parasitic_ant,20250409140300,44608,72622,2025-04-09,237,150,2025-04-23,Natural sciences,Natural sciences
Operation_Forager_logistics,https://en.wikipedia.org/wiki/Operation_Forager_logistics,20250609042706,61572,11483,2025-06-09,176,50,2025-08-29,Warfare,Warfare
Modes_of_underwater_diving,https://en.wikipedia.org/wiki/Modes_of_underwater_diving,20250625081951,55203,651,2025-06-25,160,77,2025-10-30,Sports and recreation,Sports and recreation
Kingston_Line,https://en.wikipedia.org/wiki/Kingston_Line,20250319202310,50738,4636,2025-03-19,258,93,2025-11-02,Engineering and technology,Engineering and technology
Tonight_(PinkPantheress_song),https://en.wikipedia.org/wiki/Tonight_(PinkPantheress_song),20250409193328,44368,33751,2025-04-09,237,119,2025-10-10,Music,Music
Endorois_case,https://en.wikipedia.org/wiki/Endorois_case,20250826022213,53700,2668,2025-08-26,98,67,2025-12-07,Law,Social sciences and society
Conscription_in_Rhodesia,https://en.wikipedia.org/wiki/Conscription_in_Rhodesia,20250615102226,60704,1476,2025-06-15,170,28,2025-10-19,Warfare,Warfare
2025_Tour_Championship,https://en.wikipedia.org/wiki/2025_Tour_Championship,20250319081309,46215,120794,2025-03-19,258,103,2025-09-04,Sports and recreation,Sports and recreation
The_Reality_War,https://en.wikipedia.org/wiki/The_Reality_War,20250322232532,45713,182068,2025-03-22,255,95,2025-06-19,Media and drama,Media and drama
Hans_Otto_Roth,https://en.wikipedia.org/wiki/Hans_Otto_Roth,20250317200521,49040,1346,2025-03-17,260,71,2025-12-05,History,History
Bellmer_La_Poupée,https://en.wikipedia.org/wiki/Bellmer_La_Poupée,20250428131557,49229,8002,2025-04-28,218,67,2025-08-07,Social sciences and society,Social sciences and society
Morris_Park_Aerodrome,https://en.wikipedia.org/wiki/Morris_Park_Aerodrome,20250727143928,46700,7672,2025-07-27,128,60,2025-11-23,Transport,Engineering and technology
LIV_(nightclub),https://en.wikipedia.org/wiki/LIV_(nightclub),20250620123538,37317,5756,2025-06-20,165,111,2025-09-08,"Agriculture, food and drink","Agriculture, food and drink"
Cow_(Mario),https://en.wikipedia.org/wiki/Cow_(Mario),20250913225626,39431,22846,2025-09-13,80,99,2025-10-14,Video games,Video games
Ang_Totoong_Narcolist,https://en.wikipedia.org/wiki/Ang_Totoong_Narcolist,20250809012140,42286,5652,2025-08-09,115,80,2025-08-14,Law,Social sciences and society
Lucky_Day_(Doctor_Who),https://en.wikipedia.org/wiki/Lucky_Day_(Doctor_Who),20250322224506,40997,100073,2025-03-22,255,85,2025-05-26,Media and drama,Media and drama
Midnight_Sun_(Zara_Larsson_album),https://en.wikipedia.org/wiki/Midnight_Sun_(Zara_Larsson_album),20250605124816,37855,145332,2025-06-05,180,101,2025-11-27,Music,Music
Roman_invasion_of_Africa_(204–201_BC),https://en.wikipedia.org/wiki/Roman_invasion_of_Africa_(204–201_BC),20250527184556,53566,10838,2025-05-27,189,12,2025-06-08,Warfare,Warfare
Dungka!,https://en.wikipedia.org/wiki/Dungka!,20250426115841,38735,6786,2025-04-26,220,92,2025-06-17,Music,Music
Red_and_Purple_Modernization_Project,https://en.wikipedia.org/wiki/Red_and_Purple_Modernization_Project,20250715003557,39928,3082,2025-07-15,140,81,2025-10-05,Engineering and technology,Engineering and technology
Erik_Campbell_(Final_Destination),https://en.wikipedia.org/wiki/Erik_Campbell_(Final_Destination),20250527111849,42344,116250,2025-05-27,189,66,2025-06-08,Media and drama,Media and drama
Lux_(Doctor_Who),https://en.wikipedia.org/wiki/Lux_(Doctor_Who),20250322191822,38845,126025,2025-03-22,255,82,2025-05-21,Media and drama,Media and drama
2020_Jonesboro_tornado,https://en.wikipedia.org/wiki/2020_Jonesboro_tornado,20250512134803,40324,7021,2025-05-12,204,70,2025-06-25,Natural sciences,Natural sciences
Love_Me_Forever_(Pinkshift_album),https://en.wikipedia.org/wiki/Love_Me_Forever_(Pinkshift_album),20250724140302,37863,1557,2025-07-24,131,82,2025-10-09,Music,Music
Papal_inauguration_of_Pope_Leo_XIV,https://en.wikipedia.org/wiki/Papal_inauguration_of_Pope_Leo_XIV,20250508171843,39287,154968,2025-05-08,208,69,2025-07-06,Philosophy and religion,Philosophy and religion
Assassination_of_George_Lincoln_Rockwell,https://en.wikipedia.org/wiki/Assassination_of_George_Lincoln_Rockwell,20250828104538,49072,72256,2025-08-28,96,15,2025-10-16,World history,History
National_Geographic_Society_Headquarters,https://en.wikipedia.org/wiki/National_Geographic_Society_Headquarters,20250425203732,40499,10980,2025-04-25,221,61,2025-07-01,Art and architecture,Art and architecture
Edwardsville_Amazon_warehouse_collapse,https://en.wikipedia.org/wiki/Edwardsville_Amazon_warehouse_collapse,20250606174124,41845,14175,2025-06-06,179,53,2025-08-30,Natural sciences,Natural sciences
Meléndez–Quiñónez_dynasty,https://en.wikipedia.org/wiki/Meléndez–Quiñónez_dynasty,20250523083321,41469,10520,2025-05-23,193,52,2025-07-04,History,History
Arne_Furumark,https://en.wikipedia.org/wiki/Arne_Furumark,20250630203120,36372,6402,2025-06-30,155,79,2025-10-06,History,History
Skiddaw_Group_SSSI,https://en.wikipedia.org/wiki/Skiddaw_Group_SSSI,20250511192959,34277,1125,2025-05-11,205,89,2025-10-06,Geography and places,Geography and places
Muscatine_Mall,https://en.wikipedia.org/wiki/Muscatine_Mall,20250628003414,32540,9468,2025-06-28,157,96,2025-08-04,Art and architecture,Art and architecture
Archaeology_of_North_Korea,https://en.wikipedia.org/wiki/Archaeology_of_North_Korea,20250627051312,45148,9890,2025-06-27,158,24,2025-11-01,History,History
2007_NFC_Championship_Game,https://en.wikipedia.org/wiki/2007_NFC_Championship_Game,20250609144149,37908,9818,2025-06-09,176,63,2025-09-22,Sports,Sports and recreation
Colten_Ellis,https://en.wikipedia.org/wiki/Colten_Ellis,20251012000554,38016,18163,2025-10-12,51,61,2025-11-04,Other sports,Sports and recreation
Trichy_assault_rifle,https://en.wikipedia.org/wiki/Trichy_assault_rifle,20250418063454,33410,17985,2025-04-18,228,86,2025-11-13,Warfare,Warfare
The_Well_(Doctor_Who),https://en.wikipedia.org/wiki/The_Well_(Doctor_Who),20250322223206,35803,129867,2025-03-22,255,70,2025-05-14,Media and drama,Media and drama
2011_Flat_Rock–Trenton_tornado,https://en.wikipedia.org/wiki/2011_Flat_Rock–Trenton_tornado,20250806142649,36332,2503,2025-08-06,118,66,2025-08-30,Natural sciences,Natural sciences
The_Robot_Revolution,https://en.wikipedia.org/wiki/The_Robot_Revolution,20250322180400,36451,88259,2025-03-22,255,65,2025-05-16,Media and drama,Media and drama
2009_NFC_Wild_Card_playoff_game_(Green_Bay–Arizona),https://en.wikipedia.org/wiki/2009_NFC_Wild_Card_playoff_game_(Green_Bay–Arizona),20250304233330,37489,8251,2025-03-04,273,59,2025-07-08,Sports and recreation,Sports and recreation
Spore_drive,https://en.wikipedia.org/wiki/Spore_drive,20250524230235,39461,24366,2025-05-24,192,47,2025-07-01,Media and drama,Media and drama
2010_NFC_Championship_Game,https://en.wikipedia.org/wiki/2010_NFC_Championship_Game,20250506223631,36642,9367,2025-05-06,210,62,2025-10-10,Football,Sports and recreation
Tony_Hawk's_Pro_Skater_2_(GBA_video_game),https://en.wikipedia.org/wiki/Tony_Hawk's_Pro_Skater_2_(GBA_video_game),20250330055609,34315,3074,2025-03-30,247,71,2025-08-06,Video games,Video games
The_Story_&_the_Engine,https://en.wikipedia.org/wiki/The_Story_&_the_Engine,20250322225543,34011,85465,2025-03-22,255,69,2025-06-03,Media and drama,Media and drama
2001_Biggin_Hill_Airshow_disasters,https://en.wikipedia.org/wiki/2001_Biggin_Hill_Airshow_disasters,20250512163722,40585,2973,2025-05-12,204,31,2025-10-23,MTransportsic,Engineering and technology
2013_Green_Bay_Packers–Dallas_Cowboys_game,https://en.wikipedia.org/wiki/2013_Green_Bay_Packers–Dallas_Cowboys_game,20250420030345,35905,4436,2025-04-20,226,55,2025-07-08,Sports and recreation,Sports and recreation
Walther_Dobbertin,https://en.wikipedia.org/wiki/Walther_Dobbertin,20250325093801,33642,1073,2025-03-25,252,67,2025-10-21,art,Art and architecture
If_This_Was_a_Movie,https://en.wikipedia.org/wiki/If_This_Was_a_Movie,20250524114600,33112,6976,2025-05-24,192,69,2025-06-11,songs,Music
Mugging,https://en.wikipedia.org/wiki/Mugging,20250302215833,31941,23542,2025-03-02,275,73,2025-10-09,Law,Social sciences and society
Banshee_(collection),https://en.wikipedia.org/wiki/Banshee_(collection),20250818230801,37645,13034,2025-08-18,106,41,2025-10-18,"Culture, sociology and psychology",Social sciences and society
Calum_Lill,https://en.wikipedia.org/wiki/Calum_Lill,20250411234027,34487,7153,2025-04-11,235,58,2025-10-29,Media and drama,Media and drama
Grupo_Frontera_political_controversy,https://en.wikipedia.org/wiki/Grupo_Frontera_political_controversy,20250301231403,33750,29922,2025-03-01,276,62,2025-10-31,Music,Music
Dorfromantik_(board_game),https://en.wikipedia.org/wiki/Dorfromantik_(board_game),20250423003617,31741,3642,2025-04-23,223,73,2025-09-28,Sports and recreation,Sports and recreation
The_Interstellar_Song_Contest,https://en.wikipedia.org/wiki/The_Interstellar_Song_Contest,20250322230206,33630,111534,2025-03-22,255,59,2025-06-21,Media and drama,Media and drama
Chapel_of_St._Cornelius_the_Centurion,https://en.wikipedia.org/wiki/Chapel_of_St._Cornelius_the_Centurion,20250915010910,34147,9053,2025-09-15,78,55,2025-10-08,Art and architecture,Art and architecture
Second-Ponce_de_Leon_Baptist_Church,https://en.wikipedia.org/wiki/Second-Ponce_de_Leon_Baptist_Church,20250829201956,34571,3673,2025-08-29,95,52,2025-11-18,Art and architecture,Art and architecture
Natural_Dis-tinction_Un-natural_Selection,https://en.wikipedia.org/wiki/Natural_Dis-tinction_Un-natural_Selection,20250320025207,34248,7522,2025-03-20,257,51,2025-07-05,Social sciences and society,Social sciences and society
"Breton_Civil_War,_1341–1343","https://en.wikipedia.org/wiki/Breton_Civil_War,_1341–1343",20250705172724,40954,9960,2025-07-05,150,11,2025-07-21,Warfare,Warfare
Diego_García_Miravete,https://en.wikipedia.org/wiki/Diego_García_Miravete,20250401194248,33154,1331,2025-04-01,245,53,2025-11-29,Sports and recreation,Sports and recreation
2025_Enderlin_tornado,https://en.wikipedia.org/wiki/2025_Enderlin_tornado,20251006145618,33350,196748,2025-10-06,57,49,2025-10-11,Earth sciences,Natural sciences
Honey_(Fighting_Vipers),https://en.wikipedia.org/wiki/Honey_(Fighting_Vipers),20250429155735,35667,6658,2025-04-29,217,36,2025-06-23,Video games,Video games
Wish_World,https://en.wikipedia.org/wiki/Wish_World,20250322231734,31581,84539,2025-03-22,255,58,2025-06-11,Media and drama,Media and drama
Ring_of_Nestor,https://en.wikipedia.org/wiki/Ring_of_Nestor,20250806091815,36194,1150,2025-08-06,118,32,2025-10-09,World history,History
Kururin_Squash!,https://en.wikipedia.org/wiki/Kururin_Squash!,20250831010426,30043,5982,2025-08-31,93,63,2025-11-29,Video games,Video games
1982_Los_Angeles_Rams–Green_Bay_Packers_game,https://en.wikipedia.org/wiki/1982_Los_Angeles_Rams–Green_Bay_Packers_game,20250415181440,31758,2739,2025-04-15,231,50,2025-07-08,Sports and recreation,Sports and recreation
Joy_Laking,https://en.wikipedia.org/wiki/Joy_Laking,20250401181717,28422,5377,2025-04-01,245,64,2025-05-02,Art and architecture,Art and architecture
HMS_Hyperion_(1807),https://en.wikipedia.org/wiki/HMS_Hyperion_(1807),20250406203613,35882,1387,2025-04-06,240,23,2025-04-20,Warfare,Warfare
Jimmy_Essex,https://en.wikipedia.org/wiki/Jimmy_Essex,20250602062348,29991,2930,2025-06-02,183,55,2025-12-04,Media and drama,Media and drama
Central_Africa_Regiment,https://en.wikipedia.org/wiki/Central_Africa_Regiment,20250804154411,33076,4173,2025-08-04,120,33,2025-08-13,Warfare,Warfare
Voyage_to_the_Blue_Planet,https://en.wikipedia.org/wiki/Voyage_to_the_Blue_Planet,20250702203408,26824,7335,2025-07-02,153,65,2025-10-07,Music,Music
2025_World_Seniors_Championship,https://en.wikipedia.org/wiki/2025_World_Seniors_Championship,20250506154856,29165,37147,2025-05-06,210,49,2025-10-20,Sports and recreation,Sports and recreation
Vorlesungen_über_die_Entwicklung_der_Mathematik_im_19._Jahrhundert,https://en.wikipedia.org/wiki/Vorlesungen_über_die_Entwicklung_der_Mathematik_im_19._Jahrhundert,20250611185637,29445,5648,2025-06-11,174,47,2025-07-03,Mathematics and mathematicians,Mathematics
"Love,_Anger,_Madness","https://en.wikipedia.org/wiki/Love,_Anger,_Madness",20250906020645,30054,439,2025-09-06,87,43,2025-09-21,Language and literature,Language and literature
Kaleigh_Trace,https://en.wikipedia.org/wiki/Kaleigh_Trace,20250612192722,25599,732,2025-06-12,173,67,2025-06-19,Language and literature,Language and literature
Fontaine_(Genshin_Impact),https://en.wikipedia.org/wiki/Fontaine_(Genshin_Impact),20250827195034,29938,9755,2025-08-27,97,42,2025-10-09,Video games,Video games
2011_Sawyerville–Eoline_tornado,https://en.wikipedia.org/wiki/2011_Sawyerville–Eoline_tornado,20250801062953,30539,8488,2025-08-01,123,37,2025-09-22,Earth sciences,Natural sciences
Scottish_invasion_of_England_(1648),https://en.wikipedia.org/wiki/Scottish_invasion_of_England_(1648),20250525224308,36984,13093,2025-05-25,191,1,2025-06-03,Warfare,Warfare
Natlan,https://en.wikipedia.org/wiki/Natlan,20250828190926,27548,5522,2025-08-28,96,51,2025-09-08,Video games,Video games
Brave_Bunnies,https://en.wikipedia.org/wiki/Brave_Bunnies,20250418141528,29021,7015,2025-04-18,228,42,2025-05-29,Media and drama,Media and drama
Multo_(song),https://en.wikipedia.org/wiki/Multo_(song),20250417212140,25506,38855,2025-04-17,229,60,2025-01-01,Songs,Music
Vault_112,https://en.wikipedia.org/wiki/Vault_112,20250910061532,30494,1512,2025-09-10,83,32,2025-11-12,Video games,Video games
